kLink;kBend;viscosityRatio;model_uncertainty;likelihood
58.24400754435696;131.99758895109366;7.217430511490495;0.9413038388026594;7466.274341644002
53.24585517777312;102.2587693715591;8.306762101779144;0.5506568257104612;227395.34399599183
49.25380362937009;103.94343532732309;8.274271972183536;0.5471384129331734;255248.93880979097
49.74106936480906;99.9992238857744;7.654812392714528;0.5349996943834122;318735.69479569444
41.843000638494786;101.44179764800063;10.163071106537982;0.6690643492861206;85194.48068269907
47.81390219791681;97.49253325500446;10.526173277034365;0.6913565974427085;61921.63934389998
36.993314273757335;97.21378680710596;9.951515595341464;0.6189445541245636;144100.10293154535
49.94695605000962;143.90561476223647;14.200942467581596;0.7845947675670646;21481.558829882106
43.83775179754949;147.54271337181427;14.014461350223362;0.7909034477081672;21791.768679207627
31.118044514794082;88.56181804612916;7.266830847911875;0.31959589149874196;235945.16471000167
31.287096420031517;90.69188285165566;6.85751824682741;0.32168186178406466;327595.5195107782
51.30276643183737;81.25883189152395;8.171363173853809;0.3229348487571981;44344.60349407172
51.30276643183737;81.25883189152395;8.171363173853809;0.3229348487571981;44344.60349407172
40.81794662635738;88.01802922496381;6.1330580489222974;0.37522986855253837;760105.4240556789
47.28709419574141;82.9845629293186;6.365341911620542;0.3998082554005186;611672.6388225022
41.74660377105494;91.0246626117516;7.348166178600732;0.4177029896186055;529704.6236653319
40.10224398334525;89.39345819465537;7.286652307626228;0.420658694986464;587006.0299901842
75.21995444777403;98.90922954794435;12.651119629340759;0.506249065938497;72572.02035583995
112.99415966137265;110.46517426705958;11.023728380281021;0.41565154961909967;13760.590150467913
107.87530209433727;80.39171648559288;5.349005547075616;0.8684984074491552;12183.879836469116
39.20625531492945;144.77937147423498;8.675330135692189;0.6636634356437524;113816.69611859263
46.28986705178936;147.06811961099845;9.12147876927996;0.6940062086858301;74827.5333751063
51.86443089243017;146.46190076451953;8.693344011622399;0.721120724087677;57352.7182459683
41.904328480747466;127.78354202920785;9.136181086271007;0.9620973292539758;6028.271904619785
52.6076823620759;105.85462523793358;10.33600110924462;0.36763190145056207;56400.05554406113
44.004772848750925;111.50954336360725;10.225054741570322;0.37830715841461415;117178.82891561773
45.492347766854856;112.98503533740258;10.19379620049659;0.3448773176969507;51103.695919322745
27.67063175975497;132.72167822786543;11.948771956159678;0.8276700696191238;20560.47855014672
26.132194398776363;136.77116522225168;11.472995273617482;0.7967098886064584;28734.30500781601
35.22704719989545;134.5689804218161;8.644000007501408;0.3513130845664847;191653.1792678812
35.22704719989545;134.5689804218161;8.644000007501408;0.3513130845664847;191653.1792678812
26.64512266832528;144.3323171130668;9.757832241114516;0.41057275961279627;374220.943362966
24.534514208934784;143.70118191927799;8.313716633986942;0.3638449582224372;460214.70047620655
23.744892727007148;145.2418034724697;7.464995499046472;0.3269299320415869;379954.3846729449
16.280426425418487;144.42316149451474;7.225576665427719;0.3210809102299135;474533.5791400033
26.371205416733353;133.39446003673137;7.766506558538804;0.3570886116737939;482407.04596787615
26.371205416733353;133.39446003673137;7.766506558538804;0.3570886116737939;482407.04596787615
26.371205416733353;133.39446003673137;7.766506558538804;0.3570886116737939;482407.04596787615
48.12616517089245;122.71651515551932;7.046065723467406;0.322522046425051;110870.82707310798
48.12616517089245;122.71651515551932;7.046065723467406;0.322522046425051;110870.82707310798
117.20351103863301;94.75798053168629;12.846032068482657;0.4733705972475933;21083.67909087691
117.20351103863301;94.75798053168629;12.846032068482657;0.4733705972475933;21083.67909087691
125.36209477821416;89.70944341267708;12.766519541515786;0.47797566340583497;18255.210361015776
127.8525205914285;89.22301658584506;12.449875081823341;0.5092505299862772;23831.51186649568
36.849924583554625;142.484604203717;10.065455807762982;0.46804153960612216;298259.97235846374
133.35811011569857;126.96382750209503;10.106552677862148;0.7438392564249251;16601.777176418516
73.58006956544234;94.20545487978973;13.368464034227042;0.38886489608248054;17340.514903963336
67.83930199000471;125.01076445094128;10.002237166174384;0.6401185773516648;76572.42734407821
19.93705316684187;98.51615129418363;7.744295939497725;0.6678362542082341;154797.13186478423
19.93705316684187;98.51615129418363;7.744295939497725;0.6678362542082341;154797.13186478423
28.956757705287398;107.46053209790557;7.527994664927194;0.6373616189182233;200424.32366446432
30.995625705757693;104.22871507943074;9.154051852161908;0.6631659303245526;118838.08876477323
83.58681214975681;116.28373548062123;7.488111469117645;0.41769889158166895;112678.37904805127
92.22473054471145;114.92256173181542;8.280965931285584;0.4580185071653651;93307.78488270682
19.294269754146494;110.27121175610056;14.592607001771485;0.31059650374348496;12385.502009192684
108.61236833727357;94.48376172615323;13.605431029125665;0.7037871037425902;21838.737314501916
131.758686937939;84.92042099624992;9.977281933315517;0.6343825041763168;31194.052507186832
66.35566163433467;94.36345188792703;11.507378916684749;0.5595197337231312;100206.0249121915
55.074614703379474;149.8928200835173;13.51657168773906;0.6386030672970233;65442.35813791602
51.69145200965051;148.19068205735817;13.216339159344132;0.6752180580369496;53785.79203549843
34.08132209574168;115.55746099997012;11.145705148555864;0.4859816209339872;255976.9402254633
30.274799622107686;119.2097853702679;11.370163815608787;0.5202726037096744;249565.018217692
43.49644620325615;101.53141231749184;10.620069014689157;0.4510605601882952;208908.64695594503
38.80002033684389;100.72995306754945;11.147540864151056;0.45187487487417793;209519.12102107308
43.49644620325615;101.53141231749184;10.620069014689157;0.4510605601882952;208908.64695594503
35.290085047104256;98.35187783167709;10.321720281982934;0.3894281618910248;180793.26103561008
34.453625904058796;96.64667192923987;10.531897786534723;0.43630797350460104;265778.3510275324
42.2943491061047;92.44275983556912;9.686454959388257;0.4478033427907562;270462.2292900978
35.39014982699542;95.7743790687262;10.188896910209142;0.48179956315885586;297089.03426384425
49.02733493190107;106.7039917108661;13.331609040008763;0.6236592884531105;79035.14182194904
48.417910208858956;107.38873239206248;14.517446476522501;0.6534976729707053;59585.43231077621
24.741745069735828;95.30147182261042;12.678857695094946;0.6452762438758961;105649.6607962949
15.997440866625144;129.69318276231942;11.202798628336742;0.39732723013826593;353748.6351043639
15.87222078351545;135.15006985921468;12.776256334531176;0.40294212030274396;262414.49488335685
15.87222078351545;135.15006985921468;12.776256334531176;0.40294212030274396;262414.49488335685
22.41294352481468;130.3630863398148;12.044250344797357;0.38214084272260795;172844.65582608196
62.08268924018997;110.51404154447292;12.623363089687667;0.6921986630397838;43365.80799437414
68.66111965433866;144.32755909740484;5.527264229953247;0.46839850540326666;494756.5348900017
73.72198022262963;139.69999723609493;5.567699847354388;0.46752838768315874;414413.58796444576
73.72198022262963;139.69999723609493;5.567699847354388;0.46752838768315874;414413.58796444576
68.57355401693172;144.30107452055597;5.654642227543653;0.44043464200927146;474399.68859098986
70.49218424716392;143.22156315105613;6.136265157730483;0.4619743670569005;372655.974185719
56.00612380439854;143.12450005554575;6.70737139704445;0.4653316874249783;460222.0119889332
47.87736508500094;142.51754478122766;6.908712359532882;0.4691287306766727;531385.7291841747
74.05394756224476;145.310157643183;6.438357167387634;0.4088737555334671;209629.5365649558
75.33350966558965;141.43880509271983;6.37254450648739;0.41050150965024784;212139.203137311
29.481731429621096;116.61621646900736;7.027208973800021;0.47397022384540793;837161.2996674009
34.7533551165592;116.20807202684973;5.894419690073596;0.48777389780870223;958642.6344486242
34.33062887086856;110.79607001841894;6.108177059620434;0.4978412998141343;847863.594814951
75.2895929329468;147.54808992161495;10.819439742118089;0.5030660902706121;98516.63900479043
88.56885225482698;145.15156323291248;11.048556748631807;0.5253362672806055;71422.48632061138
30.388228340316683;85.51640035677255;7.671678892941868;0.49599192076866105;606858.9887243938
29.45081722589695;85.33695680999848;6.957722385942045;0.48215769766442845;818715.1676411097
32.48750753444905;83.21652863972783;6.729555921532657;0.48621107507614547;787825.6070942424
21.822547655025392;81.01298411764343;7.6100805501378685;0.4672539425781592;784941.1305560893
21.822547655025392;81.01298411764343;7.6100805501378685;0.4672539425781592;784941.1305560893
79.6640463682281;142.0960729146313;6.9096481782461465;0.5390187264810181;189997.79932439394
81.73478588602278;148.68373263894645;5.467158761492747;0.6003137884258887;177071.00734203839
79.74084856254441;148.28459493610757;6.462829008826338;0.6301147512886325;118332.51386967374
116.75994926212498;103.74463905081983;9.454277952286613;0.6617298083887324;35522.97148472738
81.81251472187321;125.15135911538155;13.452594515654951;0.6088477252478715;51495.26544020698
64.74731859682602;121.59087205973113;9.847317641978748;0.4397092566836944;118740.67878915842
80.72776434247062;134.23480890304685;10.16605116828429;0.43995431964575166;67741.96575047454
88.36106826997269;120.82471726929464;11.52663210877917;0.48684585535719876;60471.15762847804
41.72638841706784;112.40363018562601;12.015865826973462;0.8977300824368496;9262.450767598204
21.21367941325109;91.9328548692965;6.627138509881412;0.40179008100450003;1246696.0313836983
28.876574948291555;87.24277227173948;6.242140534202155;0.3629567475082524;900118.8219284842
33.027960494070456;90.58200963647045;5.406093396705506;0.37549111501803284;1378986.990844456
27.072464205400685;97.55077182669612;5.419642187074687;0.35479056712827345;1554876.6114922806
25.84749080217729;86.98811586123146;5.653920547052308;0.39863685586716446;1665370.8074474188
25.84749080217729;86.98811586123146;5.653920547052308;0.39863685586716446;1665370.8074474188
30.06521931522498;85.7018292791989;5.7569105065069985;0.4159538220969612;1363444.349889006
36.14443143871775;90.51949513151686;5.405720196512266;0.42265509089153186;1365766.6264787787
32.76639855172216;89.21280995578212;5.780192385492366;0.43323468118931685;1224488.9328996013
36.96601790179083;87.00453159444244;6.479749937525774;0.3865442409495411;794743.8631711042
38.055791786376616;92.41873432845637;5.987433536193038;0.35611105833749707;745338.7302213736
46.52859797303195;87.6151759210925;5.4032689471053335;0.4218714906187422;1092234.354035457
42.677664053686215;84.63949448643892;5.616448894241686;0.4192312840806021;1071287.9804214404
40.250225990366765;86.82995709475573;5.770856145544034;0.3979234447823302;1024370.1931642047
42.71392530158768;87.58103049371518;6.0655472322045645;0.4517133881621366;885430.7518546135
43.406130319239544;95.3870166869012;5.948038406933659;0.4610912668796214;881795.6902860702
43.406130319239544;95.3870166869012;5.948038406933659;0.4610912668796214;881795.6902860702
51.98145007339466;92.25582303799723;6.111844707602066;0.48597138980510585;589505.5193573948
82.0186841128588;85.81079931507375;6.864697139325291;0.7826828757849981;28257.042720697962
112.32995265736102;113.26037573531634;5.6736815260716735;0.6209346093393451;89956.97548448076
33.33815599292367;123.45146187687482;13.14290601067319;0.6691282122004393;75703.46727365156
49.65995557599058;117.09782640161825;13.182093848122038;0.665012286513321;59827.70560293179
54.274353245083866;117.24233794127146;12.189957151209699;0.647216094164254;68310.23276130547
45.95710704759142;130.11403249752243;12.438410549018236;0.6296420792890859;87019.50453606439
35.12480405723234;85.90248486716507;5.311529802981223;0.734309951574525;92147.9483251624
35.12480405723234;85.90248486716507;5.311529802981223;0.734309951574525;92147.9483251624
26.59347445314247;129.8017108798621;10.46795037126397;0.46889983702002125;358753.04995934875
26.894788261788083;127.91250547348369;10.599660310212586;0.465118891144569;346148.0321862975
20.44258558548998;131.59160089586018;9.106540825181126;0.5380848689053389;410766.9141025849
17.48545102055102;131.452040465024;8.750853901285819;0.49267760433653884;569783.119760224
27.711234826207967;127.6480675748788;8.390588910598455;0.48847464198074597;562399.5817345943
18.13378650281094;119.18477997136743;9.215455773513659;0.47680941728187465;590607.8136127178
15.6357573113308;119.15364692479687;8.574139800137516;0.4823121430223361;645415.9820714873
15.6357573113308;119.15364692479687;8.574139800137516;0.4823121430223361;645415.9820714873
15.6357573113308;119.15364692479687;8.574139800137516;0.4823121430223361;645415.9820714873
39.11205889872777;101.1030352170651;6.762141549452951;0.683563748409747;126071.26681230954
24.589001889345937;83.12668583194949;8.067853065052532;0.49177300779033867;633930.794981568
30.06126742896822;86.62939711539963;8.974792407638123;0.5104959687019699;399856.5174910945
37.40732880048229;83.9045739316263;7.989793870526353;0.45170321734305247;510012.95773098327
46.36338778646365;85.21792756774614;8.627152290978163;0.4136464978703403;272891.6500303192
37.50495897703841;83.06620835912123;8.064816066378746;0.3690616565588175;295737.89580739295
35.10122632009312;82.31354182696984;7.777553817294581;0.36983795605813174;383203.34484246426
32.371489870513116;80.29107825806817;7.60540856364178;0.3979985024986746;616023.3497497685
21.024156146403275;125.4856722114006;14.766785410727246;0.7373436454249466;44263.08069678612
15.327562171616487;122.30482435362813;14.186020972947487;0.6986692639136063;69539.6259147202
22.475619954254242;126.58153796176353;14.544281850568122;0.6135880485137817;124005.09564750877
15.660674267161253;136.86484283472524;8.619761263142538;0.6678124305563021;143092.65071047354
125.54438436629584;107.11632341884548;6.2219617289947715;0.37371574915926625;17879.82312619792
64.4582495945008;91.30304793877121;5.070501858256302;0.5631925754210703;372183.5578246411
64.4582495945008;91.30304793877121;5.070501858256302;0.5631925754210703;372183.5578246411
64.62724114357843;94.278965129865;5.266477974137754;0.5298048678462348;458974.8566554692
57.30890311071929;96.15374724585375;5.058764334404054;0.5688017106571602;417702.5126966101
57.30890311071929;96.15374724585375;5.058764334404054;0.5688017106571602;417702.5126966101
40.97815991308156;106.65309463645137;9.54467711021673;0.44804099565104866;300889.14586789045
40.97815991308156;106.65309463645137;9.54467711021673;0.44804099565104866;300889.14586789045
26.47587372509142;107.31588518038923;9.939726219985259;0.44472187419773673;405775.9737467368
26.500964721647556;108.97926816187771;11.102786587059587;0.4832676211552332;311720.72345143114
23.69130147942119;103.99162301685446;12.06934076394822;0.4742851203185486;285623.27757565863
66.38148925779116;104.8895589847984;10.747186358326468;0.47203045462629556;114021.14838029594
52.5473425342307;84.41368648701591;9.523893180482002;0.5902297233898024;143037.51459490784
85.28101121991256;123.44354786702263;10.073582530207798;0.7126798328609205;35055.66849159108
84.20085548111544;134.99172905240675;5.743052957082425;0.6831189101037076;81113.79080996632
94.86876407747089;136.92954428171674;6.087222432546556;0.684534399482271;66174.25794400577
102.7363499227547;124.77262888883365;5.804107610934678;0.45427409475774505;157935.9109788644
88.24300250591618;129.76941016710532;5.831632284072885;0.4260670807660558;206195.84450343007
99.51840898707704;129.29176855239515;5.66283842655898;0.461877702195454;190299.96407944534
78.58057624986822;134.95717919376565;6.270632498417315;0.3352312701866258;47534.28235101588
91.41893502180388;149.4468322495681;5.79000655807501;0.3484884835138887;52008.086967601914
52.79103801974191;128.39876621239458;5.5467945140922845;0.4316457149347511;825383.202932621
39.066447139108206;125.07331002775396;6.520376365959115;0.43003148008759606;845159.0635028633
35.75935003797436;117.55501940817166;7.2112040770715256;0.4558136392921451;701796.5778914149
43.60490816350823;114.00081588684768;6.94758378208594;0.42275993668102907;584750.6481634486
35.71405942656178;115.10386537204381;7.230670040556125;0.42671414769599675;717585.1633146557
30.831021249161967;116.88188772040533;7.815036337658656;0.4214488166598355;663028.9748540897
59.03988908347547;134.77170642810435;5.768549312205351;0.4433633517663122;620988.7817347766
64.71165903015711;140.28763920227206;6.032849304376037;0.4706528131336104;457081.36157688004
54.59506629320299;128.208155269889;5.554966494317681;0.471406903611993;711600.7366270612
48.43330192190487;126.2347764597439;5.2832224950331295;0.4959945327228048;814788.0751304188
50.12277057132958;129.28119788629414;5.14379711162662;0.4961994260644415;818088.5294342778
52.459559582766346;134.0025543594472;5.268631880048262;0.5121240901000548;675358.238659338
48.27481435703007;135.786858143558;5.846375131246363;0.4961158830263;668647.0493378425
112.21981036177534;103.36579223817105;5.826203935937109;0.7686376775043864;27164.337698790277
117.29390681505625;105.96582195631397;6.784917755875296;0.7637087862147127;23764.76270224821
35.03624719936893;104.4770976320923;11.771211060981093;0.49654305636506435;221740.4828262652
35.03624719936893;104.4770976320923;11.771211060981093;0.49654305636506435;221740.4828262652
34.403311618611156;112.52241553394354;10.421860574552522;0.49934736349993836;283855.0530672316
43.30457797587509;98.90225942458594;11.311397893991566;0.5031323724003908;185545.92432663747
40.89497016599515;141.6198869641343;14.505810052663032;0.5482441646047121;121311.92374856086
31.43667752762414;135.4062962900706;14.57830475044529;0.4829673698500913;166937.64832975675
73.3045248272232;115.47191170641591;10.447062852022405;0.6382625192074197;67939.7366154894
42.15852782702626;106.42497737179447;9.77812779157508;0.5830084042722034;178993.4379716622
51.42908814845596;106.27578111715926;9.330971428181845;0.6024859661423113;139829.87126615373
38.79213878611413;112.90542797883141;10.796747863894472;0.5491536617924995;197585.78546701168
19.73232193630114;96.77197397155238;10.932810384037012;0.36895507139979933;221362.20908288643
19.62754465748839;102.72322518530851;12.975792115793773;0.38116305850256715;151188.157641141
24.45113725406327;102.56419061410162;11.518053103315935;0.3777408880733901;166656.89908631425
17.07576166597894;95.129607392025;10.946967538687412;0.3639079626687779;231546.25331773132
17.07576166597894;95.129607392025;10.946967538687412;0.3639079626687779;231546.25331773132
84.6465296169687;144.95909082459036;5.35860957887016;0.6402296541791407;128033.64708754442
84.6465296169687;144.95909082459036;5.35860957887016;0.6402296541791407;128033.64708754442
79.12401514812362;135.65513191964345;6.821507740197754;0.6694013349388883;81300.25920903418
89.30174461156943;143.2236892015278;6.176372503637703;0.6660718337430813;81079.83667743039
88.18030092373843;145.0257135854831;7.196203789222351;0.6952316722822764;54893.037534519426
24.516941704587413;113.92926803101558;14.395135175268383;0.44141962203110413;182757.91149268328
20.60942839946221;114.10969582653253;14.499164657196252;0.4489605485118087;210556.81931370767
18.511007699384315;120.24182186942127;14.026820936798732;0.47516922907226217;254803.87088799357
15.025410084981612;122.92465671927373;13.652951242827957;0.45515463186420674;294470.5125275977
19.032397186183704;104.19564774206502;14.408309061346513;0.4520109844900436;224968.19334041773
32.98408232278166;109.03536009025582;14.560517417090688;0.4809736144461002;152473.45767528817
15.189458136167014;96.54954600816276;14.215822971680913;0.4684327540588856;272160.6593714909
16.724164054214018;99.70269379889798;14.508682278999627;0.4965956234168577;246487.9322688449
16.724164054214018;99.70269379889798;14.508682278999627;0.4965956234168577;246487.9322688449
16.724164054214018;99.70269379889798;14.508682278999627;0.4965956234168577;246487.9322688449
21.71457307734219;117.51094755750911;13.857521600936842;0.45100900627849855;224777.57463695615
21.067520432805996;121.96344987766349;13.499008394329495;0.4382863707691515;229963.90500660107
48.626012771042205;92.5437132866855;5.614515158334173;0.28133510464671974;71822.53777813494
49.54406648337909;92.93341492286447;5.444137410272559;0.3165401242868965;294513.5708933378
49.54406648337909;92.93341492286447;5.444137410272559;0.3165401242868965;294513.5708933378
18.283719811192167;133.03413126217657;5.177899512691797;0.3367039252015106;2273808.8638593587
17.880198828533626;132.04434996054502;5.362744644261777;0.2867654650511029;767447.0454975974
17.880198828533626;132.04434996054502;5.362744644261777;0.2867654650511029;767447.0454975974
19.801263609410842;124.86975447002378;5.598821682425929;0.2797471659423497;408905.05563540006
19.801263609410842;124.86975447002378;5.598821682425929;0.2797471659423497;408905.05563540006
15.689695240127627;129.94132973912582;6.489144374410729;0.3048893471492614;513608.2173040765
77.94329689021531;125.3530978711842;9.956962011723048;0.7603796220856307;26405.78186339804
85.67106770475142;130.68883059321817;10.137136385807095;0.7564700528388942;24692.17623376973
63.08224737717873;105.22675163520239;13.295485204516613;0.6406651004898695;57859.622245061066
106.68819020651407;112.72882254551773;13.952390150252707;0.8311968685398977;9034.016929607687
43.43721580417605;117.60073928876422;5.9146497941670155;0.3666124940550742;722296.4972546531
41.9216052580963;120.83855255083664;6.9212450995092;0.3682398204474674;437180.6747065783
50.54676480534973;116.2188293223842;7.211945005871704;0.39807248754895275;366648.4785808906
32.01003386447237;110.60221397671452;6.153176414849385;0.4369698827122651;1170498.6919796173
30.5054896600586;117.85378500738022;5.720389393121671;0.43210718066405523;1334360.5573337784
30.5054896600586;117.85378500738022;5.720389393121671;0.43210718066405523;1334360.5573337784
40.00398743073626;111.25382042062665;5.886948161477691;0.41944102629171726;1049780.562220662
37.750855716016346;112.22070885449683;5.8110124827297716;0.40952670592219087;1169009.698551397
29.664623030317053;122.39932884038473;7.481777768954525;0.38513375083734147;658992.7066445673
41.231050139202836;121.92516259318448;6.573770580723367;0.43756230919633693;764890.6261912398
38.308670650313275;127.74964747008468;6.991678668616893;0.44206516020907893;725756.0133122738
36.25706621120952;131.46126136333098;7.386831011183513;0.4128873548767362;640823.5733056414
33.176256184009475;117.69243817829323;8.007162052521684;0.4648754376729544;574222.1840357715
34.760253747674994;120.75443518705623;8.241214314006898;0.42741304744361963;515279.23250476073
23.799589373342556;125.90958702289073;7.665452152554367;0.515597686919975;628599.8798279797
29.53497272362488;131.58985315011947;7.4161981442496945;0.5223595125200721;560573.6279816455
94.6626685283017;92.32298771500056;8.097849885890124;0.4278400269095067;69119.81911600042
80.63757853007861;90.2663700647485;8.082649894523442;0.5317470810284401;145125.208639397
68.01684270505727;123.55016969672803;7.762671792196879;0.7870165621481989;28377.788953977255
31.09318483199351;125.53683844395384;14.823951806421912;0.3696772448508537;49506.92329081951
38.738202844386514;124.6518435341769;14.40960297084422;0.3624317788995093;28389.257669299426
126.55761038068349;145.23000942490953;5.0421385664363925;0.555653280204401;114790.897244439
30.62255091954892;99.6480831319353;7.515201215237048;0.3415621072626995;338085.29595514684
31.570004494105603;96.76783487815844;7.557006095110567;0.357286071265768;431693.7453763187
31.570004494105603;96.76783487815844;7.557006095110567;0.357286071265768;431693.7453763187
26.018453662262853;93.08078003643506;7.091257088982132;0.29868382346442995;188320.64726224056
28.267412212708898;102.83608477567594;6.219472480844513;0.35238632566125505;828389.5117032498
52.93920107230702;91.79248988421685;6.443970249922474;0.47305765035099745;528867.4901686346
52.93920107230702;91.79248988421685;6.443970249922474;0.47305765035099745;528867.4901686346
44.173367940420796;100.80390780614572;5.679119791486175;0.4580189799364512;954743.02278164
48.216080528402145;95.38501934550052;5.778016783203955;0.5018385238437061;658942.2249381858
44.31125991295125;96.16707694009335;5.6273721735209135;0.47232334843381385;915519.5677933854
44.52575730435809;100.0532767846597;5.608608753965253;0.41316666595976587;1052108.121315906
46.99609772567114;101.62936234660711;6.704869053729922;0.4009795857284136;521002.367206519
33.69783563579037;89.52553693015162;6.251611986881501;0.5431870546653448;585724.9289649432
85.52368368234211;83.33672698314777;11.216388990822118;0.36282269155253244;8535.692942673559
20.839520514436252;137.55562004345867;7.257091533515454;0.48138642874798876;846795.6777802572
27.845649406465597;133.88136753015937;7.217893209407322;0.5044691967244511;701962.2218831129
21.208246937424157;136.7145627712478;7.6291100557105755;0.5180768770451539;600466.4037447063
16.923980251954298;136.91925116171024;7.463022373437591;0.506556794578653;750403.960583507
16.923980251954298;136.91925116171024;7.463022373437591;0.506556794578653;750403.960583507
16.923980251954298;136.91925116171024;7.463022373437591;0.506556794578653;750403.960583507
24.67957363802286;134.76273620061684;6.781951372185599;0.5085953896729437;742179.356138627
23.1349829548526;136.01025884694127;6.156168782112981;0.5184166711679457;842637.9288452576
16.923980251954298;136.91925116171024;7.463022373437591;0.506556794578653;750403.960583507
16.262605732791414;131.42101969448726;7.234366523671512;0.46264372795941777;1037657.8599215503
16.262605732791414;131.42101969448726;7.234366523671512;0.46264372795941777;1037657.8599215503
19.322283374844993;137.30482173911926;7.346502689024612;0.5145379823861008;696682.7645413008
19.322283374844993;137.30482173911926;7.346502689024612;0.5145379823861008;696682.7645413008
19.322283374844993;137.30482173911926;7.346502689024612;0.5145379823861008;696682.7645413008
22.93589478327611;138.32098475855136;7.780909507365985;0.5205510366573384;605026.2116312137
18.851678102044318;141.37970160940714;8.459192558476014;0.5127148418796024;566720.8207073506
17.594081425632204;142.42575491968813;7.876783319903744;0.4644393794231903;831298.4952011108
21.485175227599285;145.036055104588;7.181421618694525;0.5315584680776498;611510.2489835925
19.06426685944876;146.99119292312315;6.7869466821074;0.5573551334432297;550278.6041539443
19.06426685944876;146.99119292312315;6.7869466821074;0.5573551334432297;550278.6041539443
20.41777863122415;136.63579096851367;8.230591475916016;0.47928355692156205;720962.2571913726
20.6055329001795;137.75419659423747;7.8473444844838305;0.4466846404972613;802326.6101104353
19.523021605941835;130.9000450488867;7.285090685678024;0.5129060299600706;707858.7304143239
19.523021605941835;130.9000450488867;7.285090685678024;0.5129060299600706;707858.7304143239
53.31609659194751;144.89546927032652;13.170065401386477;0.5167528525983462;112674.8391112905
51.21801023848223;146.04044148281068;12.757265834833792;0.505951466990873;123497.97498366814
47.28555918291644;143.70471493302472;11.981673305609412;0.49442485593263086;154271.25625766828
45.105453967757704;149.02517906848007;14.319411647022243;0.616064318516167;81918.27798275328
63.70887542121707;147.39146282080506;13.991630398836687;0.5744740931379154;75398.1714994966
17.12640645817836;84.34584868903339;7.300128885087723;0.6033707167364739;330296.18435613526
17.12640645817836;84.34584868903339;7.300128885087723;0.6033707167364739;330296.18435613526
17.12640645817836;84.34584868903339;7.300128885087723;0.6033707167364739;330296.18435613526
30.62368734030707;91.987958099064;6.224054174703616;0.5855824676253963;406500.25012303935
30.62368734030707;91.987958099064;6.224054174703616;0.5855824676253963;406500.25012303935
30.62368734030707;91.987958099064;6.224054174703616;0.5855824676253963;406500.25012303935
22.799839348717192;84.57373401265141;6.9163659932765285;0.5252263563937157;663642.078587766
19.50499577277725;84.97668836420087;7.057063645604621;0.5407344774370049;600790.4278714594
19.50499577277725;84.97668836420087;7.057063645604621;0.5407344774370049;600790.4278714594
19.50499577277725;84.97668836420087;7.057063645604621;0.5407344774370049;600790.4278714594
26.241184178672693;82.23986319693472;7.441824884886794;0.31128700189563585;222254.77971918145
24.500496584400864;81.44036615392054;7.780643674245789;0.31034302559467336;183774.2039724506
26.991268771854273;80.13241992130334;7.482278052585067;0.35550602676628484;529972.5768760176
17.572766332265083;84.62248325910039;8.399459343460599;0.30983522930507895;134878.67831091626
19.049458902787073;88.10649504223045;7.390907081481072;0.29339773345796255;148838.96851823697
34.3984744112685;82.72411173475567;12.96657724667674;0.5307087681464902;175758.07215930318
42.28864145635502;86.13242864184451;13.188919992777192;0.5734589657561832;118211.96766073386
18.289937497048168;81.63421611804405;11.356339231856314;0.5791155890749834;230516.85296329556
16.798908043365962;81.88372806576508;11.028140417035823;0.579443273315533;247819.63162131075
16.798908043365962;81.88372806576508;11.028140417035823;0.579443273315533;247819.63162131075
16.798908043365962;81.88372806576508;11.028140417035823;0.579443273315533;247819.63162131075
20.689769209198012;82.37247219043444;11.3013573851633;0.514951032050588;323454.99504651164
20.689769209198012;82.37247219043444;11.3013573851633;0.514951032050588;323454.99504651164
20.689769209198012;82.37247219043444;11.3013573851633;0.514951032050588;323454.99504651164
15.4230021905555;89.14710325420877;11.24930985585103;0.508326624977179;386986.6102957455
20.178884286453314;83.92817630268705;11.361639629696594;0.4943507878195209;353370.448665014
22.450425163651;87.52479418124473;11.491789233660604;0.4819311305399671;324257.0011286949
15.955952841101379;87.7111580107625;12.110067207756147;0.44784420407572906;362571.3264516689
16.62785121496592;84.23723231336778;12.221450799758783;0.44182607962761034;344856.4077482388
16.62785121496592;84.23723231336778;12.221450799758783;0.44182607962761034;344856.4077482388
30.008849366313004;103.93091936317725;9.08847493091787;0.31032128127612113;54637.47581682641
26.847939854703156;117.17399669641604;11.888560511439357;0.4789776791575362;271000.3551704426
22.140784563778453;120.67922301043032;11.670228789390181;0.44524594855004845;315691.5136709149
22.128904033262703;121.48796101921542;11.694968941031657;0.4095875243643216;259225.30623435372
23.785488173610542;113.774078017569;11.679150547628714;0.3948186920114135;211910.73309469438
26.4925779482342;117.836670205825;11.706080981401591;0.4102610747679789;218946.95749213724
26.926719232709466;121.65136193996473;11.23551652913925;0.39406371357785636;203010.95710588444
23.185916967472693;114.7472550769644;12.472364261242957;0.4255550945710615;241385.51260908233
23.560559547800764;115.3188705007291;11.58446190002677;0.4352344105028627;292015.0900529886
29.211202723700417;106.71633211128177;13.139907008741364;0.4467283428016868;194288.95778485638
26.24398776702855;110.53231015289192;12.957806540425759;0.45286860467960344;229913.90223802187
36.308251644484145;112.93127937194137;14.383354847181405;0.5555907682571226;129299.18166208193
25.968377072871586;108.79139520264292;14.421603043898461;0.5779398790281981;146773.8655692797
67.04957539694242;93.24899405102018;10.403177540538358;0.3913594292446506;51028.14647214464
64.05791526451614;88.74575196665012;10.012244614749058;0.3806265934818094;49916.23820153249
54.29129384061929;101.4318394129637;9.373723975692169;0.5132613238804921;200686.91887783134
56.325009026492744;103.7030072395531;8.854389226864976;0.5045959759788534;219805.56497843622
44.361506736401026;107.26837603875273;9.301926069283278;0.4968726001159953;287020.0522225263
42.021129690432076;97.00197180526438;9.587522763887868;0.4862996084157305;287968.11359849974
31.84193944224166;97.64550845252055;9.563138503216658;0.48137197264967707;365923.78529331175
21.650479232124912;98.43129015020408;10.412505519930766;0.4680116207890553;425216.17265921645
21.650479232124912;98.43129015020408;10.412505519930766;0.4680116207890553;425216.17265921645
54.02772693295324;107.88092210355475;5.291873066326467;0.43977947737458356;886428.8373815621
45.0748119011241;104.05294856949025;5.837263668771632;0.4602903241854142;871601.8251843238
46.621224174111276;109.60563515289442;5.434420715186325;0.43909016460919453;1046212.6730346525
46.621224174111276;109.60563515289442;5.434420715186325;0.43909016460919453;1046212.6730346525
39.31311171597994;110.75945415257048;6.1941876822360795;0.4561704692511353;904401.1025936492
41.78419983773932;110.74419487847652;5.916105875349324;0.4439508743434246;985456.1205453109
39.32325455762066;108.00197175361201;6.39438098914399;0.4036360070472905;840887.0298857158
41.85536457830909;107.61330159165296;5.678085271624869;0.3774568292218818;926227.0262208132
32.453998037953966;106.1118224005554;6.551034623877732;0.4908048235884008;814154.9529279491
32.453998037953966;106.1118224005554;6.551034623877732;0.4908048235884008;814154.9529279491
24.09681663397754;103.34850713141599;7.86857182707376;0.4922778874539586;676325.9047322057
31.350304780267948;99.08140539497714;7.025747333981837;0.4808842641880296;768466.3203272304
48.33360261036432;119.54773252412625;5.990449549508673;0.47573701045165573;697943.1977358522
46.515770853640646;120.54350941064413;5.677813810890723;0.45198895138646206;906501.2738928883
41.17539924574764;107.4037761694928;6.1813431235495155;0.5189168376374039;623681.4294253082
38.08273079810813;110.70241535151818;6.883858185837779;0.5378598833186715;473720.41844963573
37.735567556056246;103.80949517761728;6.432868834521569;0.54473127093912;516471.68617439654
46.35535298590323;109.47129440896347;6.34442011944012;0.5462062442733636;429438.1098332893
55.79792194375732;104.95567048084412;6.847181300141462;0.40194843971283556;367731.8452443298
55.79792194375732;104.95567048084412;6.847181300141462;0.40194843971283556;367731.8452443298
55.79792194375732;104.95567048084412;6.847181300141462;0.40194843971283556;367731.8452443298
16.559730424682506;134.43797180752054;6.0953678071333055;0.9641185459815947;8370.48601973888
72.13341545421409;92.50962447833005;9.01614852213463;0.3971465985757755;71380.4223192229
50.32222897957015;95.2716664034618;5.3451970564002265;0.5184275625382769;651099.9670264575
50.636637885180384;96.29547481236959;5.799281567952775;0.5075584173521935;598720.8165326489
55.430934060733435;87.08139461814008;6.2699370196400785;0.4977889759778133;492677.40694247844
63.442029496409255;80.21796885734923;5.996372372307526;0.5408933708483549;350735.6412421937
63.442029496409255;80.21796885734923;5.996372372307526;0.5408933708483549;350735.6412421937
61.60719590223254;87.68108415802745;5.47690284687408;0.5290515213550102;459712.378792156
52.18909865184044;85.04965994464496;6.2948885636986684;0.4987652964721595;512642.0469298575
83.0819947510235;82.97362558612788;5.196179416419548;0.5210842626879251;307715.6121642666
57.00454346846526;87.67001163871075;5.178744800335201;0.48934080778415556;720431.3554474575
60.74964325433058;83.81744875091785;5.40473445858764;0.4884179725371252;590429.0547444763
23.040575959767285;116.7897407447461;13.47111266050557;0.4760002515203038;240169.9929167606
25.05507537338719;115.18319078394744;13.146136652937997;0.4651155396793017;241652.12382505526
31.088449463834362;116.33708922568707;13.01699910192658;0.4743789679423139;206974.04350962478
23.905130811365478;117.58408136073444;12.363015045880081;0.5150003552938482;252249.36731897024
32.81739730169272;113.58817172883936;12.804465923975048;0.5136690654767975;197610.33921434177
44.135155561817825;95.15187110780174;10.915131573314143;0.5953411649675602;130941.1981413443
51.40249755001851;90.25042852525056;11.77648862407373;0.5980949606616348;101271.66261780284
24.000765687037102;109.05756314003226;7.802921642333856;0.7202793031672645;88546.78717738767
16.178683118386736;135.08116344183668;6.10806351869066;0.3111495153197369;773424.3905718154
16.178683118386736;135.08116344183668;6.10806351869066;0.3111495153197369;773424.3905718154
16.178683118386736;135.08116344183668;6.10806351869066;0.3111495153197369;773424.3905718154
17.61698776840745;132.09257757381528;5.00274353940242;0.3264657859516683;2284563.1391518386
148.91699321355887;125.1618234704516;5.089598325324952;0.5556815742283513;75647.83693359677
143.80737795639118;126.83745420166956;5.367077796941338;0.5889030067873913;68834.28286590401
100.57736074183364;101.4265767205824;10.49891298509357;0.4835956555220042;53382.89125280622
82.45082393478215;105.80002449716663;14.685902667975359;0.5179004206627551;51384.91667243042
98.49061045499982;87.61235461394595;9.279741265105926;0.5386197902387607;78693.25869102328
105.28357149068144;85.01224771834015;8.623320936330988;0.49799403081368715;74113.30928280576
17.148710962632485;135.73727430691298;5.099133060671803;0.6354389966828502;358033.6180589227
17.148710962632485;135.73727430691298;5.099133060671803;0.6354389966828502;358033.6180589227
17.148710962632485;135.73727430691298;5.099133060671803;0.6354389966828502;358033.6180589227
17.148710962632485;135.73727430691298;5.099133060671803;0.6354389966828502;358033.6180589227
29.473179056151853;102.51424224019438;7.405145262237771;0.8588144577289857;20657.267493808005
66.02244577665955;114.69888394284455;6.26566174708519;0.3261290852268098;75759.51082007708
28.80267500818993;149.32400457945383;10.408667166442825;0.6250530561732135;148009.29553598308
28.80267500818993;149.32400457945383;10.408667166442825;0.6250530561732135;148009.29553598308
30.68822344445798;149.66511047487657;10.10719690454954;0.6285756990094624;144211.66209276364
20.886761391424784;140.18613142780788;10.119303614171782;0.6154824545866211;192629.3911422734
30.85648287807863;147.48864561741368;9.493494040346784;0.6255861377056315;164971.00825846542
111.2066477762594;113.19361546143799;5.822311068023362;0.5153739637890649;137338.58572658533
83.88146438931763;116.98628300985669;11.302193436214528;0.7651087161026229;21473.17610013892
44.48090739482019;88.06224655901835;5.186743497886348;0.7494135005047177;74276.33613252935
47.19717565892735;87.65749441731015;5.5979542177504795;0.7480624809219146;69549.61560020233
65.11326268966877;88.03949472613915;7.573679722977646;0.75038546571794;41648.12505786912
63.546150094300955;83.21524840753585;7.769311988345136;0.41922683036360425;201420.97451574676
56.39390951982382;90.1490842147094;8.05253434814511;0.43379803914274245;273852.825095929
139.00279264129966;136.30085251667157;13.543041699376493;0.5930895608064124;22082.60500219411
77.59876549092488;145.45247608029825;14.363035975916802;0.8258819834392779;11768.135638215792
72.847318126474;141.74446230183997;14.26411131584473;0.8313765257513641;11781.658414850162
63.97919302328083;124.80180272548134;12.286095724516256;0.4726444637365362;93355.2327929306
59.36603836816148;119.62539142831938;12.181386584351737;0.44836536836446433;94246.24731491097
74.20067540906055;120.959381979003;9.98307421768358;0.42426129698765075;75490.08612602066
38.70019143602863;86.50710075831928;5.51293939851853;0.47003806620993643;1078382.0617294882
40.49098250302837;80.07725999933218;5.544471775809186;0.4602678044301894;1071242.7745392376
40.49098250302837;80.07725999933218;5.544471775809186;0.4602678044301894;1071242.7745392376
40.49098250302837;80.07725999933218;5.544471775809186;0.4602678044301894;1071242.7745392376
46.14568014045164;88.78147777148106;5.418985880041599;0.44460180644358327;1048594.7252291222
46.14568014045164;88.78147777148106;5.418985880041599;0.44460180644358327;1048594.7252291222
46.0604975167547;99.56740457203112;5.673543564553312;0.4581297277481735;905628.4086551887
46.0604975167547;99.56740457203112;5.673543564553312;0.4581297277481735;905628.4086551887
54.73722694674317;141.73573221215858;8.580875787368493;0.6259931286640612;125380.82930813143
66.7218832575987;139.40726210045506;9.370093722436446;0.6702131381401321;65768.55473467517
20.76854117396315;129.19740269838184;10.441676285018614;0.587024961399961;234703.25679443678
59.857658478271205;146.0784112243495;7.339548445997231;0.2961044872169023;14569.254247755087
75.89290022297607;108.40529796291169;10.949595983940382;0.49170670596440375;92582.41205796319
144.61253242910684;103.36694042989059;11.11126808437368;0.9028873576837313;4448.195280463741
87.22679881783489;95.1328374844075;7.697710106830763;0.6912999511082873;53491.28014072108
149.33570763464107;127.54991314183734;11.338946785860003;0.6449506077235166;20932.388264920202
24.79105369951034;85.59030272806584;5.537890545909467;0.4667478022257756;1496555.422000851
27.284001344911193;81.84977072555121;5.388835790643938;0.45980528632052053;1540983.638590214
27.284001344911193;81.84977072555121;5.388835790643938;0.45980528632052053;1540983.638590214
27.284001344911193;81.84977072555121;5.388835790643938;0.45980528632052053;1540983.638590214
27.80358651422016;83.52931276512433;6.2302190133898065;0.4604529474610246;1080313.8389370681
27.51052634217745;82.21805926805898;6.371884277309385;0.5130268587966127;752753.7305118879
27.51052634217745;82.21805926805898;6.371884277309385;0.5130268587966127;752753.7305118879
31.142286799155897;84.83331360161074;6.220373211022475;0.47656692970994957;945690.4959189785
29.819747362808066;87.66187043653915;6.5193225570520505;0.48246644767221325;906805.2223946846
38.82362328678435;87.88853579226408;6.019326228771136;0.5080087361871134;731226.4246185584
35.318102755833976;87.16663292640092;6.069644980850651;0.5177288569820991;724945.0100211932
39.46027600858943;86.89486904474897;6.452271503073051;0.49522501065928454;693927.9605661185
23.097820937954513;87.60143590473822;6.463926978753439;0.5391078977911874;652785.4397400941
22.236926376658765;87.5569152469553;6.578343651134637;0.5238452064280236;738051.5515513835
32.23905068824166;94.93073999254439;6.038892032142208;0.5485820318341434;578353.6740712612
29.466509269770725;89.40027224477221;6.568955467649077;0.49247670174158004;847200.5330143858
29.466509269770725;89.40027224477221;6.568955467649077;0.49247670174158004;847200.5330143858
29.466509269770725;89.40027224477221;6.568955467649077;0.49247670174158004;847200.5330143858
32.11162335156711;92.77878099401201;5.473788719786194;0.4438477195516324;1403265.681306444
102.43798156755788;102.30291898892143;8.569167831147006;0.4909885079038838;80086.29212519259
25.974342027927076;126.51421909721175;13.045241229254055;0.4657624553363579;236405.14652500185
54.691860682387784;85.43662288006422;13.143416204909903;0.48996336114993116;105317.06742722422
84.99834112585683;117.21722590597302;5.174542991907391;0.45715430479266483;336064.9110754043
84.99834112585683;117.21722590597302;5.174542991907391;0.45715430479266483;336064.9110754043
88.86569699332486;110.0780604814514;6.545482551255494;0.4658723104151279;184650.51202246736
92.71625209532341;118.33238569034167;5.094992741645193;0.48541969134526974;284809.5077425299
90.5753685199522;118.35381484770062;5.179272944831693;0.4694704344178011;294068.1266724175
90.5753685199522;118.35381484770062;5.179272944831693;0.4694704344178011;294068.1266724175
106.29276317774051;104.32517926001695;5.620352046963743;0.43653354479842194;139691.1802887642
103.81738005374923;95.93971569589435;5.534213686815504;0.44876244423156575;168845.5755885705
69.8013131932347;107.83626321685514;13.230427557881558;0.5799876835733213;72748.87661039105
26.917705199221572;128.35139312649582;13.422672144722974;0.3965091724708346;132161.75277535638
27.48045226383516;138.01064064577793;13.083712726131457;0.3627987204909271;77067.16235684877
97.88159622598933;94.85580586837833;13.146660092951253;0.614603071702378;40769.292817806156
94.01130257740859;97.17377269224305;8.980907571730746;0.8509461851776406;11235.574574007776
93.09407295851477;124.11473883056135;12.14476088491977;0.7121674487481306;27370.09423072124
132.7764979134269;115.28495508249638;7.925569108588149;0.8179785735751063;11648.094297749394
138.8825103519308;108.31040399199067;7.707187258279161;0.7651543563074074;16890.930734793543
98.05700061644009;145.12280227130833;10.56680379183214;0.8220550219030174;12572.051820084038
87.25259801014519;125.56677420240433;10.164862924057642;0.5939187405224979;71016.61207077595
83.37558973582472;121.35538947219504;9.932638139897119;0.5848138684660769;81406.0646636553
71.74488800801403;128.04296659413328;9.792614593565286;0.5314165964950662;124130.63193811593
28.649838647549903;129.2662719953775;5.843559115389936;0.6135166414704822;334487.55817456567
24.8447554893432;123.78025850117155;6.159997389157615;0.5290935022272805;746435.7626607092
21.21114911992427;123.07036977666642;5.70366346395565;0.5411960140599129;803871.8054524371
50.64309161278442;115.43874593528433;6.410831372039648;0.6000762764198682;249181.48764147944
42.48774036337032;115.89907003749705;7.080649221530057;0.573538908773737;313650.4795684124
76.29027419328976;142.85817510153942;6.016595177508197;0.6410865768222469;123017.44190046347
77.13014056119493;149.59626276075866;6.0731221475829695;0.6635190852534705;99030.08440034113
77.13014056119493;149.59626276075866;6.0731221475829695;0.6635190852534705;99030.08440034113
70.10476177503863;148.78422222408693;6.622886918376176;0.5964663649673252;172480.12795071953
72.23882512982716;144.57158907129858;6.2655822492100635;0.586376393987231;192777.128911462
88.03947334492806;91.75215279027327;6.8910012210253235;0.4313301188908391;139530.15002542452
84.17840896960998;85.74910230384916;7.2785080004490155;0.42446422690418056;128378.45524324538
98.2609323711723;99.3657457269749;6.6645140226790875;0.39852350103523954;69840.36730353742
90.10248196402195;99.3756626150686;6.649800711349334;0.39006523549761735;88512.29659435202
30.38457769059273;105.72802127885983;5.813419811757295;0.6595009360443146;200930.15908728406
23.626785772698685;106.27287673818314;5.230489284888433;0.6580807157090784;252080.11389411564
148.39529332924445;80.25003187931176;9.429308472494926;0.79263957072599;10885.54360992654
42.44163843621806;128.37980491413384;6.791147437241041;0.4944511505456141;576403.0862632777
49.588360578857674;124.2082978150614;5.812657920039904;0.5373238675169529;496947.4003213566
38.31864074243553;96.14630688785549;11.77914702823159;0.47701449932100515;200023.17834719206
38.31864074243553;96.14630688785549;11.77914702823159;0.47701449932100515;200023.17834719206
42.9277641474799;95.99781827437289;11.256661789825067;0.5214451280038098;181418.51424970318
39.417402238719646;99.59212719011218;11.191920525440423;0.5152223212024718;205524.625904238
35.6974685330617;97.67539584275981;10.635255989099054;0.5375897404503401;228744.86949221056
40.735458477027024;106.97827689404112;10.657124390871399;0.5434764080754586;196826.34387283656
62.47589932628821;112.34358135128784;12.837036120740835;0.5519966712716231;91086.33777410879
61.48346940236447;113.30611266363928;12.964583035167673;0.5316118324240299;94993.9687418228
64.96170732712753;113.17984414173192;12.458490500685492;0.5412643780266619;96881.87455104642
120.59466567389639;88.27657870139645;13.90903716685151;0.6965706366827378;19423.260881537437
45.25242587845014;111.22944275750069;11.365775982862614;0.47832681384196685;174928.07922087042
45.92916286412281;111.57211945571292;11.323482707300247;0.49925407407078637;175965.72354160072
33.17303522885949;107.52367198459493;11.790805547496094;0.4905865753243628;236306.24310655138
45.24126814681985;106.00483785763248;11.710676579671759;0.5255193113406941;160901.31541763994
38.54553710571437;105.91779835804724;11.639396237734859;0.5208876967620143;198215.95427409356
33.64779914279449;105.30572433719539;11.735470244788363;0.5407626422181382;203084.62446222283
27.79179209432449;104.85816846513518;12.039640525740621;0.5171421496437174;247130.70105895994
147.5168604973035;143.37060711311972;8.486914635370225;0.4724961263324401;22763.568618213794
119.22149765425388;147.39303957595789;14.195278730746775;0.6693832005442683;22299.440285271925
39.74340915796348;143.9235174680152;13.95915954835049;0.6329573766076148;82576.16811150749
34.80922646268229;144.6167842804125;14.561999254856703;0.6140208722938403;96374.39525811124
125.66469941518929;121.04961970726158;11.562634642995853;0.6884143775164449;22526.107693623213
74.80837526617186;111.17858486365985;5.518985792401539;0.5387978910816899;315446.7678145627
88.90632483385303;112.92553395998505;5.852431838141345;0.5390176490523736;205331.28978239626
76.49921952772019;115.4777009066215;5.801388765075609;0.5376331541783791;272977.7208445696
76.49921952772019;115.4777009066215;5.801388765075609;0.5376331541783791;272977.7208445696
89.40238656894937;101.01992244058677;5.279027683926069;0.44444630949620845;277673.86800938484
87.89727992919515;99.42351258071292;5.2745668453327;0.4191736961474314;269157.9922076432
97.36068775614235;97.18633286223606;5.054229587134154;0.4116613551692141;196358.39045137665
22.032761338710298;125.76880551762476;9.09013125988609;0.4794120695928843;541546.1865383782
27.52287325519932;126.60671158076744;9.17553685653273;0.48158659617976785;463923.2293532897
26.135912683780997;128.8263305348851;9.973414587625218;0.42676675452185386;389475.3896400484
35.36999574503084;129.4523408280483;10.347972154424092;0.4456862545192401;282234.3080909808
26.357854165392688;141.4898652809397;10.502508791093913;0.38687381159368844;238098.37813950062
37.0747568308803;142.88433376261153;9.982457836431749;0.4234327385048424;281397.643340817
49.63054967565015;143.26960093601946;9.94194469953515;0.4100209199940028;149866.37177348085
110.68587393562038;98.5287651490168;5.47212748157948;0.6817439082703572;61276.94454004744
20.225724743478207;89.69473313105351;6.946089755244241;0.4168847035878493;1159760.1714771418
21.730920842064975;96.5231032479211;7.346280244392637;0.42664295929252655;936072.9308165829
21.730920842064975;96.5231032479211;7.346280244392637;0.42664295929252655;936072.9308165829
21.92224961764426;94.53302347152466;7.3559301573865;0.42811879099291206;916128.2659073449
18.627910826130428;97.54678284341978;8.210135449098766;0.38891507261123054;652348.5063793892
15.121391876818084;100.94463210174885;7.594464887386742;0.3701128011898388;848384.0394407928
21.349421097229246;101.85931250872267;7.072511383858551;0.37550520376337215;899500.8820823723
21.349421097229246;101.85931250872267;7.072511383858551;0.37550520376337215;899500.8820823723
24.772196311029333;89.04079307420068;7.265178197111179;0.42534325139982654;919454.6720768122
24.772196311029333;89.04079307420068;7.265178197111179;0.42534325139982654;919454.6720768122
24.772196311029333;89.04079307420068;7.265178197111179;0.42534325139982654;919454.6720768122
24.98495119703616;84.51533682685411;7.183394417832297;0.43492245519412487;939578.2707644679
16.007798457824382;93.45929943581702;6.7968511523517385;0.44599738456973753;1294460.9154758856
21.325319565898738;94.12583892578037;6.706766974127454;0.4358034978993662;1195666.8063429378
24.873933271906512;99.58959541334413;7.416258990274617;0.4568241058195176;887459.9794490761
22.722601303858347;88.02895493496038;7.892829234636247;0.48732100682675455;714201.3505536125
21.992577648461914;85.42436764383548;7.748992124060577;0.5277085034928342;548363.1591777594
21.992577648461914;85.42436764383548;7.748992124060577;0.5277085034928342;548363.1591777594
35.9137663559497;97.47144988062438;7.841752842765213;0.4717030475195849;549108.5276048647
37.88737209383737;93.92269270746162;6.910416959407879;0.46809093050538425;697050.3062366317
41.45980966423027;80.74868896594487;8.123882038486208;0.5448395638958923;306604.51460566855
54.25353403224149;81.41149424067252;8.637761691744464;0.6083225857038184;141953.68395332465
55.56547321308933;83.93384560690275;9.012255288112883;0.6352043045077527;105724.36024543043
54.5787770412787;83.13406985568956;9.266145567804669;0.6462390004708798;95097.98936608956
54.5787770412787;83.13406985568956;9.266145567804669;0.6462390004708798;95097.98936608956
59.37397250312952;82.140237974729;9.010483268582202;0.6371286153330498;98529.72498945707
46.11965112386633;94.4901158352798;6.722937161774868;0.5086846898625981;499930.6828780483
40.24780233168616;96.40706426580452;5.2194204094094925;0.47072051300808754;1149899.5473694326
31.19137526236961;99.07745357894964;6.043082004184576;0.4824693082912615;973383.1208392036
75.22458101154054;91.2281095637194;14.01932450138607;0.43151935013345954;31875.367918787502
76.18648383792481;147.86955619108352;7.288330003582735;0.5363189999330784;185409.33977919127
76.18648383792481;147.86955619108352;7.288330003582735;0.5363189999330784;185409.33977919127
74.3330643348146;147.46024752097355;7.287140983309325;0.5222326478036857;203403.88919091976
74.3330643348146;147.46024752097355;7.287140983309325;0.5222326478036857;203403.88919091976
77.38231984733059;148.08359713056277;6.735153770255602;0.5025322498704485;233333.8734597137
79.77435776226976;148.48687833434886;6.135990164318245;0.5374430358789788;233470.58645941337
92.07345985231274;149.20636346224032;6.882078916547835;0.48627530632684296;158297.20117900165
92.07345985231274;149.20636346224032;6.882078916547835;0.48627530632684296;158297.20117900165
77.90979602904706;141.16941204494853;6.690862053715733;0.4844398826936102;239704.28207574208
97.64112265096027;145.59602158460504;13.489708240483306;0.791080553554917;13618.419463635619
94.80336087923698;147.78349591545356;13.474205577612503;0.7683601388776663;16499.99091843817
90.06534259113202;94.49515374483823;13.071330134441519;0.476572158472526;41885.67182573671
94.59715381056331;93.93027305178414;12.93899486273567;0.4727498991350718;37643.60202730458
102.96427613213231;92.18960642091136;12.803872463608727;0.47925200507588156;32312.99667259513
85.36708749757234;83.93298847709332;14.56317774587939;0.5476226636843488;50190.91294315272
85.84894472304694;112.16467575973316;5.103525074974596;0.6672264025490728;102624.13162033811
23.032778881372543;95.04380622566416;10.756135263137912;0.3021577942285518;26818.23293327466
119.47485888001174;118.16433695020503;5.266084561830071;0.55761844395587;122620.13680820134
123.0138353688794;119.01574961174245;6.042909996531293;0.5526368836230172;94534.83068619546
109.45940674077755;128.2203134769676;5.357598982538104;0.5149365222157993;166495.5603052742
107.62085189666459;136.39190265139095;6.682273433337465;0.5092099750386108;114693.2195483167
110.79144626659355;140.3638173311481;7.055338472801003;0.511871529422669;98356.15209009648
75.86819050868907;134.20052549400722;13.00608877799986;0.42100828118232647;34170.222615365026
79.81237025063875;138.95057852261118;12.952922929821158;0.47135665625598466;54591.2693049319
36.31652795282107;117.40921875581009;5.332404741004931;0.5666673401488797;544877.8605740139
28.537690783600112;117.61050884262328;5.702912078539188;0.5491158882196308;650193.9107602827
26.462969555403404;120.37927362578627;6.855203629916073;0.5687570812589078;442744.48996738717
31.57621679956012;120.60906600006471;6.841072040445502;0.607990629889717;294208.5877777146
33.514068148335106;118.73564882288254;5.493848614480174;0.5711220086363732;518751.8300145079
23.85765835617407;116.98387611290038;6.090076898032283;0.5632670106861789;566048.1458098702
31.277840292975817;121.06915877011936;5.648324934636089;0.5707223470372591;509950.241398489
36.46879924879316;124.83395818537268;5.916322302539299;0.553637742099124;550091.3485508204
46.85392643770219;125.32760432906204;5.675169311646117;0.5495223980556952;499865.2727441114
15.541036244826628;117.79903722038362;5.597988053567525;0.5686569938043636;695719.4572225936
21.91238132269995;118.08775220053745;5.341380463556925;0.5781870927378916;612870.7330248691
26.7807141502522;118.12465330555526;5.2981639483733165;0.5898657057831986;505514.4344630505
26.7807141502522;118.12465330555526;5.2981639483733165;0.5898657057831986;505514.4344630505
29.83556013901474;124.62878545962721;6.078633047678862;0.6151804036463616;306014.64151189924
29.83556013901474;124.62878545962721;6.078633047678862;0.6151804036463616;306014.64151189924
33.318541266485624;119.4960605260651;6.340198762308336;0.6465191513277565;212751.09920295735
37.33235299498172;118.49809901409478;6.0152249377568365;0.5934307356806964;361760.4653952801
33.810329802240176;143.09057280391798;5.086221852655046;0.43797282073206395;1639897.9242317518
33.810329802240176;143.09057280391798;5.086221852655046;0.43797282073206395;1639897.9242317518
33.810329802240176;143.09057280391798;5.086221852655046;0.43797282073206395;1639897.9242317518
24.35888078680545;137.30000653510672;5.2871604594026;0.4297221456781974;2026400.3258802027
24.35888078680545;137.30000653510672;5.2871604594026;0.4297221456781974;2026400.3258802027
24.35888078680545;137.30000653510672;5.2871604594026;0.4297221456781974;2026400.3258802027
33.810329802240176;143.09057280391798;5.086221852655046;0.43797282073206395;1639897.9242317518
33.810329802240176;143.09057280391798;5.086221852655046;0.43797282073206395;1639897.9242317518
33.810329802240176;143.09057280391798;5.086221852655046;0.43797282073206395;1639897.9242317518
49.6647291103744;148.1720940912633;5.4921582598057155;0.43269499084568486;923598.5761894064
33.810329802240176;143.09057280391798;5.086221852655046;0.43797282073206395;1639897.9242317518
30.835682049108286;136.44643437267;5.328886107181169;0.4133839644724545;1736771.2329192138
30.835682049108286;136.44643437267;5.328886107181169;0.4133839644724545;1736771.2329192138
25.026497770758183;140.14612827411167;5.4493156418128805;0.3647114389863518;1778143.9716056322
22.034627035377643;138.8181905815878;6.004309522827157;0.35514893847877743;1296743.6071599897
22.034627035377643;138.8181905815878;6.004309522827157;0.35514893847877743;1296743.6071599897
15.8068717657513;143.04053649153454;6.320002330273345;0.38669625768893306;1651397.0474530372
15.8068717657513;143.04053649153454;6.320002330273345;0.38669625768893306;1651397.0474530372
21.490020638032437;143.74125727144394;5.525116370942081;0.38425804177317163;2108910.441185662
33.810329802240176;143.09057280391798;5.086221852655046;0.43797282073206395;1639897.9242317518
33.810329802240176;143.09057280391798;5.086221852655046;0.43797282073206395;1639897.9242317518
37.2256947974093;146.57654113778457;5.180977109174816;0.4345247275041901;1458168.1086519435
37.25307570913295;145.9532772906073;5.981855229295768;0.4190212028307287;1105898.3253456124
42.75400249516862;148.25112722833723;5.1930216452811075;0.41846449552439047;1323924.5734636034
42.75400249516862;148.25112722833723;5.1930216452811075;0.41846449552439047;1323924.5734636034
42.75400249516862;148.25112722833723;5.1930216452811075;0.41846449552439047;1323924.5734636034
42.75400249516862;148.25112722833723;5.1930216452811075;0.41846449552439047;1323924.5734636034
50.646623265375524;148.49110424735372;5.994265452227323;0.42755003519451407;714132.5308201648
34.74238927212864;149.36305888714497;5.574627115071479;0.4022034807457327;1327575.9168093258
34.74238927212864;149.36305888714497;5.574627115071479;0.4022034807457327;1327575.9168093258
52.00689023913115;143.64327087822983;5.0889289372663065;0.3890821110355765;970511.6652259232
41.658346539803624;101.96819975196613;11.59769337124636;0.4965460244319234;187245.07063036563
41.658346539803624;101.96819975196613;11.59769337124636;0.4965460244319234;187245.07063036563
77.0526668803478;109.56683489407294;12.11823883125776;0.3722071780584865;12765.181920367913
76.67153466592109;109.15189126319812;12.286288959677352;0.37255921544267817;12651.0230878491
34.954658796155506;107.49434230632677;7.318532638687508;0.8359236100061425;25351.418646523132
39.21198541914966;117.1791792917492;14.697163154571411;0.5902053065303191;101956.0554539049
53.03962469946844;81.94386073362061;11.42112863424653;0.7300109424329748;38511.81563017432
20.429116185667155;101.37547218016402;6.3056393799732815;0.8480967004288877;26824.321637950798
23.401329467404864;109.0274067521799;6.461257175042539;0.8577053501269151;23327.744953142814
53.211769886874414;96.81476265974483;14.294354457783543;0.4716836761903205;88910.64740862972
53.211769886874414;96.81476265974483;14.294354457783543;0.4716836761903205;88910.64740862972
32.02648128270849;89.45342748984963;9.130144533770858;0.45986115586407034;417740.63660139823
21.165129021765413;93.01086310341103;11.646937804494623;0.7943609258432591;30436.539720727626
21.245095591800712;88.18628404564338;10.62765060955268;0.7412576410095182;55093.97098369852
33.43846099121565;119.81871557854444;10.15276680758997;0.42100321700998194;280432.3772576324
26.675328886038194;114.99672608892377;10.066493886382943;0.440390158582069;384424.4928434941
25.023167999803654;110.83043075485;9.440166271675203;0.43730864244555895;479633.9213455183
30.199303584322998;119.67357757029261;9.976293681152047;0.5077563830670354;326717.60489555
97.96329734125642;113.05493443961514;5.574117061169025;0.6668625900968311;80416.64508563452
97.79333137526646;116.47810117860922;6.498750000179324;0.6766565646844823;63073.61750612829
24.931103236409864;107.73889398600777;11.9963231387317;0.5463908876956172;226514.78389356303
29.982272492889628;109.23638984157864;12.219604616707738;0.5388342002721482;210376.98657034602
19.865268689235037;111.27784519826189;13.055140705785066;0.5568154599423678;211131.7745007388
26.614362860204263;109.30252681211003;13.324979954086276;0.5666949311332923;171618.56348944714
62.72857223241336;128.16274604543972;8.344429399303435;0.9967266768921732;3959.3363091417123
25.474569764823663;141.2079151003152;14.139091433240868;0.5999134211193722;133180.1083029756
25.474569764823663;141.2079151003152;14.139091433240868;0.5999134211193722;133180.1083029756
32.580073339005835;142.06331338704075;13.93392211214885;0.6234242054453628;101167.17923607027
89.9357827151029;131.16251352553542;14.294396164919915;0.7291221728869336;22098.55531010874
111.25387988383176;102.98915553399529;9.585738068726819;0.7701672435419994;17896.12646036175
38.23389211651334;129.80622384856895;6.532830012139714;0.6383002927132028;208858.7352995084
40.2282537390271;128.29304609834514;5.442066178994216;0.6418262530261227;237538.29113368236
41.11918203557193;122.80779221058077;7.001253955289852;0.5937712507278651;275202.0368389528
30.26801185736435;115.85277824592245;7.182000476332921;0.5730646188981899;390142.9231803024
36.963533686669415;116.38465681326501;6.944006129228979;0.6201300667634047;237388.20079451593
92.04688449584137;118.82643434165563;10.90551451497461;0.5061803198967996;66360.50482918594
85.31769560199756;115.17770909389407;11.929775024193091;0.5123823871905583;65673.6994127171
20.399577952380554;118.31683565080243;12.207996698492215;0.40781419371188815;243058.5888728968
15.32592327641136;94.65566463760635;6.359812637909106;0.6266057456755264;314277.52249669423
23.9318966150849;97.17005055695773;6.2010528427054155;0.6537391498256298;216605.14607807598
20.635340101810417;91.19300689590396;6.153849407627339;0.650784055150727;235533.19181585472
26.274187872488913;91.68861314322413;6.255316933601477;0.6621152654193176;191526.2556762939
27.271667839816203;97.8763123884979;14.470299605097939;0.4617314579842066;179045.00994515262
31.37657326941395;97.32098871349899;14.246072367611475;0.5235831775648954;168312.08971700564
21.019316159095865;106.17295332138794;12.457652229373716;0.384575605738156;169852.78226363382
68.65363364817367;135.0594435774848;5.404436281548752;0.4427533565182053;536100.2680427424
69.11130675748252;138.4542037000302;5.454158596255971;0.38517221827261405;385265.00890465383
84.66802030486112;135.39061612127844;5.234703897418615;0.34719676870937355;101970.70011601876
53.797446294649845;130.75283120277763;5.988816803138724;0.43697491003526867;635138.5745715563
24.37410167188662;141.4849222384598;9.196481298633623;0.5171189342729149;429538.1408696017
23.422246342743595;134.0459641931709;9.513461742289254;0.517475320008134;409374.1164024442
37.405341543245164;134.03290827799205;8.196020643622752;0.46907368822413975;473228.1665697471
33.60229490390766;144.54164090198933;9.379554226313541;0.5173148431453938;341011.42600442463
28.64322278171451;138.71986432651627;10.78554564652856;0.5629132174330505;224105.64451471186
105.8690522063476;96.5472741306057;8.384808353571644;0.816130784264813;14553.987184165735
134.42827931755778;142.44008656293593;5.003133421583925;0.6802277040087596;49975.67143097933
141.85012947857177;138.19602838949814;5.283719359842792;0.6912060609378615;39822.08963434319
26.599930000617057;87.68390243466675;13.311987574321897;0.8038546100257999;24124.847590239322
26.06481493124199;98.72625614695049;6.3144885157951975;0.548234322221869;592906.7772488516
24.177233317635384;97.31576036346345;6.458308335701779;0.5610734098806752;532728.9371974668
32.39529581421957;95.52348761846744;6.308468253126469;0.5462958772359756;575755.339517819
47.921185733668786;105.72716972624417;7.432390044225362;0.5798783317400235;253104.26946684698
30.412519576087234;102.64199754672057;7.6989778391722705;0.4653658296202669;682415.6860422174
30.412519576087234;102.64199754672057;7.6989778391722705;0.4653658296202669;682415.6860422174
38.70433032462003;98.90755186728774;6.794265721194639;0.4473592938761922;767262.0756342219
97.43046615375583;84.37059804300756;5.030509069290979;0.7624674674870194;37660.74418180496
46.28581667030069;131.64173955230498;6.8756744060009005;0.3945496559112553;474440.2075120395
55.12593435034118;131.23929927378606;7.444796236301443;0.4638749970769357;369845.745426711
50.572598275228806;126.40155960950014;7.309412154285587;0.4902777710619326;414756.7198277652
37.25770205125406;125.44584444253766;8.086327469591417;0.42257820013134423;482239.048833204
109.25573788008424;107.77149167675988;11.96359804659258;0.5865859100950214;40221.222531743224
38.867139294941474;146.26706713541662;11.463366664010335;0.8051972710217279;23436.13915941197
51.61055117047367;112.90643530662115;6.363670567126589;0.787374918736787;39376.89303899543
20.128310584384256;88.77457995994207;7.673519208452169;0.7681893492184383;54287.04452633162
20.128310584384256;88.77457995994207;7.673519208452169;0.7681893492184383;54287.04452633162
15.771833079837542;81.00586966242419;7.505273838562219;0.788325369249383;46534.155053966446
15.771833079837542;81.00586966242419;7.505273838562219;0.788325369249383;46534.155053966446
16.326745309637122;88.55419461651776;12.294164210109631;0.34625218107614036;110342.63676416033
16.392049214203336;94.4743149836479;12.89753323941621;0.36853751889338765;145672.76395191476
43.17033883356605;124.56073343370373;6.567373290123044;0.4432929917664977;708705.9387057552
37.74612271293104;130.3236580164449;7.265828244080782;0.4328198540479008;667350.2455734275
50.22082543695066;127.01425647560471;8.122809630492704;0.4735300522207011;337537.6871865972
92.007596340512;133.2757310713411;10.948533077562209;0.652234973447087;45571.09786269603
146.5129515672398;100.64398987232417;5.7872399686708516;0.579758074477664;61232.5851236907
147.0153175908351;103.53963836064125;6.452318652836882;0.5728281111501233;51954.68442320712
139.62747045476468;102.89564339169983;6.758982705898185;0.5782301093438424;55149.92045143998
149.38611043504997;97.09341600050084;5.193986664318847;0.6543949730180312;47405.270302232726
52.99679196706619;108.55045846798889;10.045466357087053;0.4042317706877142;116753.63120956534
57.806507334735535;106.21524638076014;10.933962624023433;0.43237500193621486;109663.70065267441
59.406789760563946;147.47971490214533;5.541306425548347;0.6576124619658831;152582.41202447697
57.604936762213455;141.3202578952266;5.218521625092761;0.6472910763458366;187238.12486416742
51.995557410199254;141.61403265672368;5.324810604490054;0.673071877724829;150930.94448968995
74.66702598716414;124.50145258404856;7.853309048884993;0.4527341579306046;171244.09702278933
75.49625025101037;133.6814618651623;9.519058778388167;0.5654470388379341;109469.1675812333
74.3476571460132;126.77123028233781;8.896520930622806;0.5055149399664209;141638.23072804554
76.20378399010987;119.05021717660244;9.474940733544857;0.6337469112683539;75049.12377348507
83.27540804978699;121.32963909030249;9.276047621431534;0.6353404502723684;68884.10278554629
85.61267183589882;121.38080809274113;9.502544365762077;0.6364180950699896;63524.64994131691
66.7443411671837;125.37808581161137;9.727752314252127;0.6033236959106592;101651.61365855088
74.79999254427067;124.54711287037611;11.030065856094236;0.6128125667095266;72852.07465991307
67.34728759151636;126.70323745874413;9.433744073251715;0.5866920009042895;113267.30302828862
70.95212362796286;130.16778381103381;9.599200876391677;0.5676135894583623;115603.16810083269
71.33125211486929;129.55397713940414;9.001562464405916;0.559757233395009;131370.51520055055
111.22460854241201;101.64314880158769;12.825755423823427;0.4449119017730815;17256.35285388607
111.77246262454274;96.28772209760159;11.128369145504484;0.5099151745410467;41013.45751574576
109.6051061250957;101.31405345047696;12.115988214742776;0.5230501888059135;38149.16006378901
29.08451782688771;114.78982023339134;12.078599579364518;0.5153715184855594;238178.2003589906
38.063645983131956;118.05208674544845;11.020576370981411;0.48310135821209005;234579.56308144648
34.72454751037026;118.2431157082811;11.065202483021647;0.4661302273403978;256191.01132105806
89.52741613164872;144.0347016134462;11.65047224595461;0.5786334623582299;61707.7891756172
46.219244447978085;118.5292143214106;8.261687161210556;0.725318389612507;61917.70288738711
29.323219130174635;86.6263284162302;10.653777192133541;0.39737434624447643;219457.22497197005
21.31220139611787;90.54528548091943;10.303415759075367;0.3797342461647318;292012.71709700004
59.879659530709965;147.13563790404183;14.821270734855672;0.6195200696255876;62042.55633192599
63.53333517614106;145.3072690428514;14.646295633303351;0.6365265646213125;53716.90976154651
103.24036527093958;99.7006634995232;13.42985083112673;0.5446704470190049;40101.61569779182
69.28720921226892;82.35199095410438;6.251358072550732;0.6561864736506123;117715.22141089775
18.781862274547425;115.92740961359516;9.799881062613096;0.4311760367986487;523704.8696523083
15.066335179242243;117.63215143960927;10.238012772793665;0.4540877893440216;545216.1723155144
15.066335179242243;117.63215143960927;10.238012772793665;0.4540877893440216;545216.1723155144
15.066335179242243;117.63215143960927;10.238012772793665;0.4540877893440216;545216.1723155144
15.302888660051511;122.37486435433354;9.561652249590026;0.43855907406701494;621841.1567264046
15.302888660051511;122.37486435433354;9.561652249590026;0.43855907406701494;621841.1567264046
15.302888660051511;122.37486435433354;9.561652249590026;0.43855907406701494;621841.1567264046
15.302888660051511;122.37486435433354;9.561652249590026;0.43855907406701494;621841.1567264046
15.302888660051511;122.37486435433354;9.561652249590026;0.43855907406701494;621841.1567264046
19.095320829457762;127.8175256824975;9.385077347368373;0.43629706728189843;586423.6491870331
16.487265154428464;121.94518087203166;8.649990025712494;0.4153363540986669;664236.5375739116
16.487265154428464;121.94518087203166;8.649990025712494;0.4153363540986669;664236.5375739116
94.96768522524727;93.97981788066808;5.337937809909101;0.530199343584665;219711.91895199934
95.5988884102521;100.37324067795596;5.711994346471313;0.519094855431322;201977.54799788332
43.19381518477588;80.09803763610634;9.468564175469512;0.6800575202820633;84158.26977271352
43.19381518477588;80.09803763610634;9.468564175469512;0.6800575202820633;84158.26977271352
54.895781706446755;91.20756212778652;7.490884355176198;0.7716613457462524;39045.575334939545
77.76603185278833;122.22147043319718;11.068689588408642;0.4928350161879404;84430.3783776158
81.95494519418621;117.06528023210224;10.758579203673348;0.4677329844788019;72064.20272249311
81.6172728564176;113.3354597504971;10.981718979575366;0.45533143000476034;63933.60957192492
70.81033270929636;92.82258992725622;5.076983562259393;0.6074891642917838;230688.63743281888
75.96931302022278;101.88450871823404;5.108295138136593;0.5602839351287601;297870.07184820145
23.781182499142922;118.40551930149093;7.45176080245127;0.564863368941214;435839.7173354291
29.24947140420143;118.29947640453766;7.236598119946048;0.6586941890379309;171232.8506182209
73.84000050857198;147.78647580398513;8.684440478402434;0.6377225215281873;83704.43922776615
24.27661005755927;104.12455555041981;14.334210999076452;0.7652165231951638;33582.00869654195
39.689308293225906;99.12718690738927;14.481597842419957;0.7546973151275044;30404.6352418376
15.97759935339394;114.60381021892809;13.578169236099532;0.6095795779274314;152592.3185251132
20.690017520985762;120.01567378987134;14.349941166423259;0.5694855220773634;169618.66414983667
20.20269510600439;122.6378747946536;13.668501667566927;0.5721201728341945;180547.35569773839
22.61840953127156;124.48993581592649;13.266224755268693;0.5794838665039215;169955.75037153944
89.7487467335729;134.579524305582;6.4008216692430056;0.3686131458779468;65265.668006894964
32.48420977853698;80.9747740472702;9.06614364537646;0.9139516071438877;10117.619077278294
66.1791206530662;99.09721344941178;9.977581921344308;0.5988410790572761;102236.60056173586
66.1791206530662;99.09721344941178;9.977581921344308;0.5988410790572761;102236.60056173586
70.06921944560085;98.69545130554543;11.169347712653835;0.6201659210879953;73722.91119607915
74.93294674752522;95.52847681722864;11.29622177637351;0.6408418452657355;59637.698591415276
106.69992644447241;99.73164669987307;14.058594613123923;0.5383875430039756;34572.52351534197
33.907830404416885;121.26211338991195;5.277168889073865;0.6922790034211036;151357.91325233146
106.1198317203624;86.36152166894007;5.14153052900463;0.6306136376210941;105183.90377569397
100.0692843738554;91.36165353604342;6.206086056632272;0.5851968202892345;121961.70677053477
96.15480428259929;132.38505563374525;6.253433470727;0.5706576705520645;139232.4334038372
121.73702675579361;134.29657310767868;5.140711637599116;0.6582407292440615;67034.80321012287
112.1007897709481;115.22752462434731;12.946534910871557;0.3848887189461361;3971.016759192296
106.94391625984201;111.79227226462316;12.193899190630745;0.3999395194445334;8998.766024826831
28.61838698642164;131.74724547074985;13.803495895836656;0.5387388644626574;180637.01945412208
28.61838698642164;131.74724547074985;13.803495895836656;0.5387388644626574;180637.01945412208
30.970998020388205;134.07770600128728;13.92352222160333;0.5432103759131041;168200.20694725664
17.227898697463996;129.08579120251449;12.689482123395036;0.5195109275097074;285048.5837482317
18.358677565069623;128.2547936900261;12.785141575855583;0.5092743267245764;282825.0521456913
22.45120978909871;128.7232852446723;13.287729753349021;0.4932434142850191;246645.27511879787
22.45120978909871;128.7232852446723;13.287729753349021;0.4932434142850191;246645.27511879787
16.60400317584238;132.0296046166183;13.530899225604829;0.5031900699465253;276802.3883314972
16.60400317584238;132.0296046166183;13.530899225604829;0.5031900699465253;276802.3883314972
20.828285871266626;129.84310756129136;13.98025884168808;0.46492133322133267;234616.6213999019
20.156198283767427;132.72757478739757;13.423442937924541;0.42936934096784596;231816.23560167395
24.571605727096234;135.9225711827394;12.72951193961107;0.45811281962238126;250365.6789921748
25.91734400291624;125.53313739601765;12.241295639296741;0.4381529803500503;244564.11755487637
36.775379804424844;127.39711566256909;11.6980374800254;0.4404785739763957;190793.23217800335
51.267786319732885;126.85857874006636;11.28040137048168;0.47780425065999194;158398.0596737718
94.24046270405314;88.99881411315337;14.210851036859196;0.46321628210269084;28944.11207841752
95.42247593354327;88.18733466178475;14.075518431573057;0.4646228131712487;28930.30015158385
89.4836931699675;82.22975599936062;14.46756806053174;0.4616209370116285;30958.264081338253
45.486742553088874;138.2870189231256;12.193973977779404;0.5673431985514522;129014.36536155672
55.87602039841042;148.74159219317923;10.458862058513699;0.5329132485772049;156356.14460145874
75.02027700766841;139.94029244318406;12.337974404678484;0.36274289213565497;9866.726438526615
104.02403020440944;106.42807850588025;9.03189463487559;0.44650511732050013;50003.370941660345
47.945293895485655;149.64999160345906;7.617861237667354;0.35149532275907336;175821.5514506987
47.945293895485655;149.64999160345906;7.617861237667354;0.35149532275907336;175821.5514506987
54.44241609828691;136.08412506195668;7.42308089261142;0.36716751537395265;196063.9486937487
22.911892202977118;124.90403681954837;7.158367621261782;0.5603325053458188;468133.9326357096
27.709718083845647;130.56140545500176;7.468949936429854;0.553392190418868;452357.10217063496
17.09369091928825;113.63576312856134;5.747977038339975;0.47831007763079947;1493870.0687533882
23.745214806713566;116.42512680673892;5.700480104389372;0.46027601423413567;1443043.1709723726
15.418323399322995;119.67774909239326;5.815376155265207;0.45155914651828427;1803836.3084995118
17.09369091928825;113.63576312856134;5.747977038339975;0.47831007763079947;1493870.0687533882
17.09369091928825;113.63576312856134;5.747977038339975;0.47831007763079947;1493870.0687533882
24.39207990661481;118.97359681891427;5.536612844325578;0.473066013697355;1447160.8795550691
24.39207990661481;118.97359681891427;5.536612844325578;0.473066013697355;1447160.8795550691
24.39207990661481;118.97359681891427;5.536612844325578;0.473066013697355;1447160.8795550691
24.31791130746828;113.12944616816;6.3015109388529345;0.45901047416487484;1162619.6541516762
70.89565097410369;116.08805120445625;11.925017241766549;0.536322613966194;92208.35733823298
41.953868796596154;102.3955584607622;5.601302132061666;0.6158139736152574;293975.5032809487
41.2586011750062;103.33001067985413;5.638461410070268;0.5922963136637339;370714.4272533059
47.1427184863505;109.36827626451978;6.450717200167257;0.6317839472414618;196670.16393214796
46.03875361806566;92.58735003450387;5.856803969334334;0.6463916147679059;194532.9448515119
36.1557576089731;99.04496774904923;5.985068388383489;0.5670391384832191;481682.83362777816
36.1557576089731;99.04496774904923;5.985068388383489;0.5670391384832191;481682.83362777816
34.180042607770275;103.7484928474032;5.589778828285381;0.5898558208764874;411804.0117667091
33.81830212808705;108.37525428068497;5.469493517982039;0.5950544719469236;408234.33702524344
36.54712312099076;114.72677750747894;5.416420788736306;0.6148143381510104;325550.63906720193
35.696674905709166;116.94334637965473;5.67809546651184;0.5818873885408385;446967.3688124182
44.7570311412843;123.56127533466599;5.935015347921191;0.5862924145326348;352782.68325060233
46.08198865427243;118.83660710171449;5.788320868027305;0.6127251579734314;274740.8165887487
32.53505148489888;102.37570946743865;5.455480645388025;0.5346521433625007;749594.1077535874
24.832675904451804;97.36757944767622;5.929261973927365;0.5298771726556653;785918.6757363505
38.015515988910195;104.60707151664771;5.539331203962625;0.5368183208223493;678724.2056978546
95.08443599957553;95.62314211234974;9.955493985656085;0.525256885100772;74686.70286476334
66.72305266244145;134.98110317190879;14.522805371896432;0.6030265045905017;60787.70905230048
70.80806585642641;123.08560327130546;14.424091877252563;0.5576241901335115;64594.97102064556
70.80806585642641;123.08560327130546;14.424091877252563;0.5576241901335115;64594.97102064556
64.08926042411629;125.2307417887303;6.986400567117508;0.401230530977754;244310.36620656974
82.94309989163051;129.04693411270705;6.577435513252845;0.6665093264720148;82101.75458372875
82.94309989163051;129.04693411270705;6.577435513252845;0.6665093264720148;82101.75458372875
45.1304885172864;119.38109412682506;5.996198407466319;0.6768510441000947;140455.17745147218
45.1304885172864;119.38109412682506;5.996198407466319;0.6768510441000947;140455.17745147218
53.61558393781815;127.00774938976163;6.861386990303442;0.6663959885275399;119807.59984096185
109.72741310366209;88.41376559928189;11.423200638064666;0.4931348518856242;37544.54182531636
69.6067177456043;145.10389876179963;6.434549776515083;0.4416681451427805;319018.0854895906
75.39261049840034;148.80114336197065;6.722716526984866;0.4436310157268943;234772.67674534538
75.61049609299774;143.06985732397553;6.113673244895273;0.5076226896859986;287156.22236823104
45.08689520537511;124.94220178244946;6.2080912815137;0.7198762647291737;86565.95689746398
38.203865989213995;112.55950655111127;5.011630932095592;0.7036029216520335;133339.62316787927
38.203865989213995;112.55950655111127;5.011630932095592;0.7036029216520335;133339.62316787927
32.20111650205091;117.04609662582989;13.476146923521624;0.6656785605426914;77047.84571718177
107.4502786187301;113.40886713228451;7.331735569348216;0.706372923352698;39151.98592662455
103.71966962406448;118.23507152494838;9.178583705198989;0.6645661930528624;43637.79437699251
105.8929367357931;119.22406215457342;9.06149298268584;0.6729991344600424;40672.95012808142
131.2578396844321;82.02644102271474;6.535006787175097;0.4752462211529353;62579.9985988611
136.74682892381128;82.47483147657914;5.73429246641718;0.45626194601592684;62920.747433007586
31.385609354769592;143.6126434500816;8.006321558253092;0.4595387347749877;613830.0268568526
32.152937615369034;139.06204756859117;9.16698743400336;0.46827859944396477;434880.8126973035
15.769360609748114;129.2137547791857;6.846598094591789;0.34834260309310244;955591.7429407885
21.39467047254188;129.04989533117518;7.574518864865166;0.39188263357801706;806749.9407123609
32.667339445614346;132.4121915233131;7.51853357738606;0.438927298767013;718250.2885417553
32.16451268551016;135.9128966505838;7.258766583853358;0.4708863250507865;738632.283347175
22.48502451457277;139.4154632423097;5.389238005870795;0.2823795108550208;477800.4043498939
30.639838910753223;108.132990624795;6.858811337487581;0.6779883100319463;146330.31886376895
46.70123770589216;81.32717716111375;6.570856759427133;0.4364993416901104;629938.5366483852
47.61974945492651;83.7318443165618;6.956993346410651;0.4156125556730639;501225.25038489193
39.100423560290174;80.52093649599868;6.494518224937705;0.4113036039619604;821661.2119718813
39.100423560290174;80.52093649599868;6.494518224937705;0.4113036039619604;821661.2119718813
46.8331231841151;88.8110534706006;6.907676234383234;0.44016541487628363;549368.1148465998
66.06010460365128;81.79997113570306;6.733218975864712;0.49908805424104274;323765.3174752838
66.06010460365128;81.79997113570306;6.733218975864712;0.49908805424104274;323765.3174752838
57.15442414393365;91.5188643205598;6.52966571413813;0.46636233302823954;471935.941539683
59.49071816660025;80.3834932105439;6.549562546073022;0.5017550344833469;401284.744200167
59.49071816660025;80.3834932105439;6.549562546073022;0.5017550344833469;401284.744200167
51.8251661677507;82.13649909458469;6.714544805967367;0.48555239563442026;491470.68923676835
47.74271304671446;87.24628236208108;5.183770643637583;0.5013165591661227;829299.2836207516
63.83105193029544;83.54677729700417;6.848165633374868;0.5988597228349106;183494.49049155533
65.42929839114134;119.66715355733541;6.818120251100196;0.4673204884167877;329731.7311370059
61.60729317996851;119.29749617270073;6.824644748011881;0.4557945262340912;373587.96491011046
68.57373107968141;127.0031018300692;5.715034679275755;0.44165378836277486;452441.5337320452
43.13261295564534;127.04690928775187;5.7409503308860605;0.42047204495805557;1041501.3760324963
43.13261295564534;127.04690928775187;5.7409503308860605;0.42047204495805557;1041501.3760324963
63.08563569596307;123.83595524505041;5.026982214936197;0.40074718331231035;688560.0993618993
84.65104160019789;85.44371011176645;8.491592857872988;0.6590053114247303;64163.01116414515
51.40430218058281;116.9883137012288;5.597803369721004;0.5562635442505784;443354.3653742512
51.26406300179953;111.37181996083939;5.242835633037601;0.581391157391666;387940.48708619416
59.75094020917949;105.37949670318159;5.3908379614373985;0.5404366289454722;443054.79551559343
52.505486957989135;110.76921496430701;5.4768193817750515;0.5448885223922462;490644.4905627244
60.372585883857404;101.35403364522492;5.032399948939658;0.4511215533680575;817634.6603239854
60.372585883857404;101.35403364522492;5.032399948939658;0.4511215533680575;817634.6603239854
59.47428678285764;98.18563660245343;5.649389860463868;0.46717237899249536;602615.8762806415
59.47428678285764;98.18563660245343;5.649389860463868;0.46717237899249536;602615.8762806415
60.372585883857404;101.35403364522492;5.032399948939658;0.4511215533680575;817634.6603239854
60.372585883857404;101.35403364522492;5.032399948939658;0.4511215533680575;817634.6603239854
64.69729888802468;99.86892807535173;5.7405396985883215;0.4205171289231926;496803.83668704325
64.69729888802468;99.86892807535173;5.7405396985883215;0.4205171289231926;496803.83668704325
65.61356470380156;113.97026059884016;5.842720458232444;0.3647577279574944;274459.0642882524
78.26639693392609;99.15865215713687;6.41183710829079;0.46917098519222444;258168.10657151794
83.9673419180206;99.3706803403036;6.929483367121122;0.47894367881524336;188213.7019174951
75.25496305948911;98.2439096386367;7.399002168210595;0.5310097424587311;187033.32917965902
43.31068657014093;106.87398534544992;12.83395469352838;0.882529249955514;10125.755496311509
48.33312074478416;87.31592467133659;5.39976175914547;0.7281398731666384;87426.27680463123
45.717297249721575;83.24118573076343;6.067634247573815;0.7327475425225768;76756.43670278024
42.21864005241721;81.41984356217112;5.250846095281088;0.6819637028254744;157459.33998755564
47.79557304467539;82.86850631980548;5.167239274312755;0.670251730934174;171092.21719645362
19.839454552396894;129.2069968179577;5.627401065495472;0.42811584515784284;1953670.2366920456
19.839454552396894;129.2069968179577;5.627401065495472;0.42811584515784284;1953670.2366920456
19.839454552396894;129.2069968179577;5.627401065495472;0.42811584515784284;1953670.2366920456
19.63586376047011;128.4240665768135;5.493957153252675;0.4212887221640915;2177405.1456435695
27.873654746446782;135.12339166681792;5.630212131853793;0.4574207456332624;1386525.2848315195
22.298492179878057;135.3156039025591;6.172589811057645;0.4357779150588935;1399813.6644071569
28.00560205564425;141.26601681637032;6.591924399692855;0.4288170973145752;1062802.6247611996
35.593594882359966;144.4461468433045;6.0503431945122985;0.4485919248062408;1082988.9909126211
24.675848334502653;145.77105898364712;6.158674618396705;0.408930100562603;1374099.9258968357
19.163704770135688;146.19936223501867;6.5642440629149545;0.4286328269101448;1334559.5259956203
22.50086115536905;139.9082656311388;5.214123206122222;0.4368754742229665;2107268.7250517257
35.638224072660805;138.47444437269826;5.672610005036414;0.4716408785310159;1106826.916716489
29.09870559357534;140.96696444855084;5.874831781970558;0.4754262023316536;1094884.866536508
21.267531311274503;140.62804608485627;5.86373684614315;0.455447359421796;1517406.7734276345
31.823854647800765;144.87234559053164;6.572611327984216;0.4538942395891452;985972.5338104144
31.886485302407966;145.05010697557609;7.224331017909772;0.4950627078867051;663832.6806016718
27.07829845295491;144.66649194327897;7.757362240423236;0.4690279620963245;711353.5520346349
22.767384576211644;141.77287217129617;6.999058966127569;0.4952450437017484;806404.0188031219
32.76910803325434;142.20474850434954;6.989959984813292;0.5137350162710795;623647.885931232
34.73132242662132;138.4734405434454;7.16582587329909;0.4996090939959674;616704.7915298884
34.73132242662132;138.4734405434454;7.16582587329909;0.4996090939959674;616704.7915298884
26.487947712015973;98.89773980889672;13.522846698731238;0.33096043901037075;26600.576189199375
30.282906861671883;103.64504739482106;11.442856646333892;0.37218670340508125;122753.20490337299
36.78204737379923;102.42318016752043;14.771342590824837;0.4188119134274188;87179.94132016189
36.78204737379923;102.42318016752043;14.771342590824837;0.4188119134274188;87179.94132016189
60.61143098376859;115.37152274971885;5.265079851701204;0.49807146936032054;596465.5941941023
60.61143098376859;115.37152274971885;5.265079851701204;0.49807146936032054;596465.5941941023
60.61143098376859;115.37152274971885;5.265079851701204;0.49807146936032054;596465.5941941023
60.61143098376859;115.37152274971885;5.265079851701204;0.49807146936032054;596465.5941941023
57.375586379271795;118.65919939306798;6.005256533182113;0.3901930639907554;481084.2331503828
65.94735572249193;128.63599334442068;6.887280356092941;0.429386585651801;286360.27355449204
71.08282103389878;122.30748997097965;6.925840911000089;0.44074110484861256;239238.85204000282
52.551717510174655;126.86559777204194;5.937977490573046;0.48533990660522863;618218.4263693133
55.15121473110411;115.75616288651143;5.642541587367938;0.4961274479932294;610884.4416280353
52.981320052327355;114.73830514620546;5.720762898300642;0.5221711702433008;534537.0122538315
57.99230255788319;113.23372102832793;6.174665606678338;0.555193274127451;332855.55049587326
59.474166524102834;120.04339652497833;5.590749629512601;0.5582551406993371;366078.56863027904
59.474166524102834;120.04339652497833;5.590749629512601;0.5582551406993371;366078.56863027904
103.6314952233585;99.93797602523192;5.984079216080798;0.4190589440404978;106674.20678964448
138.2628090067182;113.8602278612297;7.6470654823787205;0.412817312938172;14953.653880351896
28.726904244816133;103.20221261434664;9.600474104693122;0.7153857696098881;71022.91018481445
17.66370414304869;106.47195976684087;10.053188118628658;0.7210803530631753;73537.35223117852
35.586339329197976;108.6705431801068;9.198491641264287;0.6599488771744544;115716.22682975138
95.1768288867586;143.80973472593624;9.835212408959046;0.42609415473275847;40540.763064206054
41.062402477447485;127.45536605246049;5.822020435777018;0.2506172486869985;15606.883371571885
60.85628252868928;146.61112560361698;11.325485965745345;0.5678662277082929;111901.2554309765
60.85628252868928;146.61112560361698;11.325485965745345;0.5678662277082929;111901.2554309765
66.88707822437274;144.68241372655137;11.24272566341769;0.5499064396584739;105964.64306398194
60.191241226589526;147.25875298749304;10.3514055930063;0.5446800621316582;138944.93128682696
77.52036414094012;106.5571009642268;5.605344411942534;0.3986967294276286;268189.240597953
93.62064174898826;107.65972986940761;7.113788704947618;0.43513658846682207;110486.44600494223
91.17449510904848;106.96525996898686;6.9566734752870625;0.3803113082217051;59412.57749004315
93.40325371635602;106.32996393570203;6.374376737823156;0.386558558320334;83233.77163765904
96.75333807903077;114.5081925849108;6.8862020330998766;0.4999860431784414;139277.29094967464
120.38607446604831;120.77328802241223;5.06204889285922;0.4923143711347584;143296.71875364755
112.51912522787052;123.20618006979481;5.358829457412143;0.4707716067563155;152745.0247780145
112.86534037589271;119.72715544476667;5.441210907208935;0.5011877931208459;151414.81486391937
65.10258093066811;83.52828388959271;8.974529350895066;0.6442351665073396;87000.20980658005
20.84913948068536;96.14387299592688;12.762219564673345;0.8325134365540232;19826.16787970424
42.19084012806624;142.4564528046263;5.7884906726165735;0.5916694617934929;364294.4870570754
43.800556229996225;142.75234730926437;6.749976224349842;0.5699372479909076;338527.77730524295
43.800556229996225;142.75234730926437;6.749976224349842;0.5699372479909076;338527.77730524295
41.00584522768375;148.50277345517026;5.599066469705488;0.5265333868349735;682945.8491539102
40.550989847242356;141.3414129127317;6.465788198939949;0.5742482002088258;372397.6910616068
62.023314060630696;81.98216467616359;8.427233017135553;0.40178012119995465;136883.1612733374
62.023314060630696;81.98216467616359;8.427233017135553;0.40178012119995465;136883.1612733374
63.69424674896723;87.07039510526673;7.993860849447491;0.4316602611163151;201023.56322717786
53.113166689127304;82.93977844164583;8.13790826469584;0.44348210089860074;294622.29759730754
47.99551301216188;130.48004487381186;7.19086678409802;0.5883506586848306;250644.6540730226
33.3925526791919;130.82517963932426;10.67574760233303;0.5999610076113927;164051.97307386293
45.67046736558271;121.4072946122932;12.987759288617323;0.6365393530373081;79320.42109989551
31.23434204402547;118.75709255777599;11.612043026815178;0.6603489409051148;95283.33893941378
42.55717836621826;121.15500397205167;10.387898109515062;0.6840563908867023;73179.3456031488
